<?xml version="1.0" encoding="utf-8" standalone="yes"?>
<rss version="2.0" xmlns:atom="http://www.w3.org/2005/Atom">
  <channel>
    <title>Hi,I’m Carnelia Bilson on seyma-isik</title>
    <link>https://seyma-isik.github.io/seyma1/about/</link>
    <description>Recent content in Hi,I’m Carnelia Bilson on seyma-isik</description>
    <generator>Hugo -- gohugo.io</generator>
    <language>en-us</language><atom:link href="https://seyma-isik.github.io/seyma1/about/index.xml" rel="self" type="application/rss+xml" />
  </channel>
</rss>
